idx	type	tok
0	BLANCHE	(null)
1	NUMERIC	(null)
2	SPECIAL	/
3	SPECIAL	.
4	SPECIAL	(
5	SPECIAL	)
6	SPECIAL	,
7	SPECIAL	_
8	SPECIAL	=
9	SPECIAL	;
10	SPECIAL	{
11	SPECIAL	}
12	SPECIAL	>
13	LITERAL	x
14	SPECIAL	<
15	SPECIAL	-
16	SPECIAL	\
17	SPECIAL	*
18	SPECIAL	[
19	SPECIAL	]
20	LITERAL	the
21	LITERAL	if
22	LITERAL	a
23	SPECIAL	&
24	SPECIAL	!
25	SPECIAL	`
26	LITERAL	return
27	SPECIAL	|
28	SPECIAL	#
29	LITERAL	name
30	LITERAL	to
31	SPECIAL	+
32	SPECIAL	@
33	LITERAL	t
34	LITERAL	is
35	LITERAL	string
36	LITERAL	param
37	LITERAL	int
38	LITERAL	of
39	LITERAL	v
40	LITERAL	for
41	SPECIAL	%
42	LITERAL	in
43	LITERAL	i
44	LITERAL	new
45	LITERAL	public
46	LITERAL	this
47	SPECIAL	$
48	LITERAL	type
49	LITERAL	end
50	LITERAL	s
51	LITERAL	c
52	LITERAL	b
53	LITERAL	e
54	LITERAL	test
55	LITERAL	n
56	LITERAL	summary
57	SPECIAL	?
58	LITERAL	value
59	LITERAL	const
60	LITERAL	The
61	LITERAL	f
62	LITERAL	and
63	LITERAL	var
64	LITERAL	self
65	LITERAL	err
66	LITERAL	d
67	LITERAL	uint
68	LITERAL	fn
69	LITERAL	func
70	LITERAL	assert
71	LITERAL	true
72	LITERAL	let
73	LITERAL	p
74	LITERAL	be
75	LITERAL	void
76	LITERAL	T
77	LITERAL	R
78	LITERAL	r
79	LITERAL	that
80	LITERAL	false
81	LITERAL	function
82	LITERAL	id
83	LITERAL	nil
84	LITERAL	result
85	LITERAL	with
86	LITERAL	class
87	LITERAL	default
88	LITERAL	not
89	LITERAL	static
90	LITERAL	or
91	LITERAL	import
92	LITERAL	case
93	LITERAL	error
94	LITERAL	get
95	LITERAL	as
96	LITERAL	use
97	LITERAL	compiler
98	LITERAL	else
99	LITERAL	System
100	LITERAL	cancellationToken
101	LITERAL	A
102	LITERAL	it
103	LITERAL	exception
104	LITERAL	using
105	LITERAL	code
106	LITERAL	org
107	LITERAL	do
108	LITERAL	by
109	LITERAL	y
110	LITERAL	from
111	LITERAL	val
112	LITERAL	def
113	LITERAL	data
114	LITERAL	bool
115	LITERAL	an
116	LITERAL	set
117	LITERAL	file
118	LITERAL	float
119	LITERAL	mut
120	LITERAL	kotlin
121	LITERAL	F
122	LITERAL	jetbrains
123	LITERAL	struct
124	LITERAL	path
125	LITERAL	resourceGroupName
126	LITERAL	throw
127	LITERAL	throws
128	LITERAL	size
129	LITERAL	Exception
130	LITERAL	m
131	LITERAL	when
132	LITERAL	on
133	LITERAL	Test
134	LITERAL	C
135	LITERAL	Microsoft
136	LITERAL	object
137	LITERAL	can
138	LITERAL	pub
139	LITERAL	are
140	LITERAL	we
141	LITERAL	Azure
142	LITERAL	uintptr
143	LITERAL	target
144	LITERAL	key
145	LITERAL	index
146	LITERAL	private
147	LITERAL	arg
148	SPECIAL	^
149	LITERAL	will
150	LITERAL	Value
151	LITERAL	String
152	LITERAL	offset
153	LITERAL	source
154	LITERAL	Type
155	LITERAL	foo
156	SPECIAL	~
157	LITERAL	byte
158	LITERAL	jl
159	LITERAL	match
160	LITERAL	cref
161	LITERAL	operations
162	LITERAL	method
163	LITERAL	url
164	LITERAL	B
165	LITERAL	unsafe
166	LITERAL	response
167	LITERAL	fun
168	LITERAL	map
169	LITERAL	ERROR
170	LITERAL	request
171	LITERAL	types
172	LITERAL	message
173	LITERAL	length
174	LITERAL	This
175	LITERAL	break
176	LITERAL	tests
177	LITERAL	CancellationToken
178	LITERAL	all
179	LITERAL	impl
180	LITERAL	out
181	LITERAL	h
182	LITERAL	ptr
183	LITERAL	call
184	LITERAL	args
185	LITERAL	List
186	LITERAL	no
187	LITERAL	ex
188	LITERAL	main
189	LITERAL	token
190	LITERAL	X
191	LITERAL	equal
192	LITERAL	check
193	LITERAL	await
194	LITERAL	License
195	LITERAL	want
196	LITERAL	list
197	LITERAL	context
198	LITERAL	include
199	LITERAL	resource
200	LITERAL	S
201	LITERAL	option
202	LITERAL	diagnostics
203	LITERAL	should
204	LITERAL	o
205	LITERAL	array
206	LITERAL	generated
207	LITERAL	Int
208	LITERAL	group
209	LITERAL	at
210	LITERAL	has
211	LITERAL	Copyright
212	LITERAL	auto
213	LITERAL	instance
214	LITERAL	eq
215	LITERAL	Response
216	LITERAL	Add
217	LITERAL	std
218	LITERAL	any
219	LITERAL	D
220	LITERAL	go
221	LITERAL	override
222	LITERAL	range
223	LITERAL	w
224	LITERAL	package
225	LITERAL	fir
226	LITERAL	time
227	LITERAL	license
228	LITERAL	str
229	LITERAL	g
230	LITERAL	ref
231	LITERAL	block
232	LITERAL	add
233	LITERAL	only
234	LITERAL	root
235	LITERAL	l
236	LITERAL	first
237	LITERAL	E
238	LITERAL	ValidationException
239	LITERAL	state
240	LITERAL	count
241	LITERAL	found
242	LITERAL	fmt
243	LITERAL	base
244	LITERAL	which
245	LITERAL	buf
246	LITERAL	If
247	LITERAL	used
248	LITERAL	node
249	LITERAL	Name
250	LITERAL	intptr
251	LITERAL	char
252	LITERAL	Thrown
253	LITERAL	All
254	LITERAL	other
255	LITERAL	Pointer
256	LITERAL	z
257	LITERAL	Some
258	LITERAL	syscall
259	LITERAL	j
260	LITERAL	body
261	LITERAL	module
262	LITERAL	continue
263	LITERAL	Gets
264	LITERAL	client
265	LITERAL	item
266	LITERAL	Rest
267	LITERAL	expected
268	LITERAL	current
269	LITERAL	reserved
270	LITERAL	io
271	LITERAL	values
272	LITERAL	customHeaders
273	LITERAL	have
274	LITERAL	may
275	LITERAL	version
276	LITERAL	next
277	LITERAL	options
278	LITERAL	kind
279	LITERAL	rights
280	LITERAL	where
281	LITERAL	ConfigureAwait
282	LITERAL	field
283	LITERAL	start
284	LITERAL	try
285	LITERAL	hi
286	LITERAL	operation
287	LITERAL	empty
288	LITERAL	property
289	LITERAL	scope
290	LITERAL	parameter
291	LITERAL	one
292	LITERAL	expect
293	LITERAL	ok
294	LITERAL	format
295	LITERAL	number
296	LITERAL	entry
297	LITERAL	returns
298	LITERAL	obj
299	LITERAL	line
300	LITERAL	feature
301	LITERAL	into
302	LITERAL	namespace
303	LITERAL	async
304	LITERAL	buffer
305	LITERAL	invalid
306	LITERAL	run
307	LITERAL	V
308	LITERAL	stack
309	LITERAL	Request
310	LITERAL	element
311	LITERAL	dart
312	LITERAL	but
313	LITERAL	so
314	LITERAL	L
315	LITERAL	text
316	LITERAL	NOT
317	LITERAL	status
318	LITERAL	must
319	LITERAL	crate
320	LITERAL	Code
321	LITERAL	see
322	LITERAL	src
323	LITERAL	internal
324	LITERAL	under
325	LITERAL	Id
326	LITERAL	make
327	LITERAL	Task
328	LITERAL	table
329	LITERAL	k
330	LITERAL	complex
331	LITERAL	flags
332	LITERAL	trait
333	LITERAL	bytes
334	LITERAL	Errorf
335	LITERAL	create
336	LITERAL	local
337	LITERAL	config
338	LITERAL	parameters
339	LITERAL	com
340	LITERAL	read
341	LITERAL	Handle
342	LITERAL	rustc
343	LITERAL	Use
344	LITERAL	output
345	LITERAL	input
346	LITERAL	q
347	LITERAL	sym
348	LITERAL	info
349	LITERAL	op
350	LITERAL	location
351	LITERAL	analysis
352	LITERAL	word
353	LITERAL	pos
354	LITERAL	arguments
355	LITERAL	testing
356	LITERAL	non
357	LITERAL	expr
358	LITERAL	mode
359	LITERAL	required
360	LITERAL	Object
361	LITERAL	ValidationRules
362	LITERAL	write
363	LITERAL	inline
364	LITERAL	partial
365	LITERAL	Dart
366	LITERAL	zero
367	LITERAL	build
368	LITERAL	parent
369	LITERAL	LICENSE
370	LITERAL	div
371	LITERAL	tt
372	LITERAL	cancellation
373	LITERAL	I
374	LITERAL	returned
375	LITERAL	render
376	LITERAL	interface
377	LITERAL	bar
378	LITERAL	push
379	LITERAL	off
380	LITERAL	File
381	LITERAL	compile
382	LITERAL	print
383	LITERAL	os
384	LITERAL	IS
385	LITERAL	net
386	LITERAL	api
387	LITERAL	ASSERT
388	LITERAL	JsonProperty
389	LITERAL	PropertyName
390	LITERAL	after
391	LITERAL	style
392	LITERAL	Error
393	LITERAL	sys
394	LITERAL	Foo
395	LITERAL	cast
396	LITERAL	user
397	LITERAL	metadata
398	LITERAL	ret
399	LITERAL	since
400	LITERAL	Base
401	LITERAL	virtual
402	LITERAL	See
403	LITERAL	you
404	LITERAL	got
405	LITERAL	hash
406	LITERAL	information
407	LITERAL	left
408	LITERAL	resolve
409	LITERAL	expression
410	LITERAL	N
411	LITERAL	http
412	LITERAL	last
413	LITERAL	Dictionary
414	LITERAL	runtime
415	LITERAL	tag
416	LITERAL	Models
417	LITERAL	usize
418	LITERAL	final
419	LITERAL	switch
420	LITERAL	level
421	LITERAL	ResourceManager
422	LITERAL	link
423	LITERAL	was
424	LITERAL	Network
425	LITERAL	env
426	LITERAL	require
427	LITERAL	panic
428	LITERAL	vec
429	LITERAL	catch
430	LITERAL	sets
431	LITERAL	ID
432	LITERAL	define
433	LITERAL	right
434	LITERAL	Self
435	LITERAL	governed
436	LITERAL	defined
437	LITERAL	mod
438	LITERAL	project
439	LITERAL	Threading
440	LITERAL	https
441	LITERAL	U
442	LITERAL	cfg
443	LITERAL	React
444	LITERAL	long
445	LITERAL	Go
446	LITERAL	zone
447	LITERAL	log
448	LITERAL	MIT
449	LITERAL	append
450	LITERAL	argument
451	LITERAL	uri
452	LITERAL	same
453	LITERAL	layout
454	LITERAL	java
455	LITERAL	cache
456	LITERAL	builder
457	LITERAL	connection
458	LITERAL	Set
459	LITERAL	Body
460	LITERAL	We
461	LITERAL	load
462	LITERAL	Initializes
463	LITERAL	then
464	LITERAL	Collections
465	LITERAL	Array
466	LITERAL	idx
467	LITERAL	like
468	LITERAL	txt
469	LITERAL	while
470	LITERAL	before
471	LITERAL	event
472	LITERAL	bits
473	LITERAL	Block
474	LITERAL	does
475	LITERAL	container
476	LITERAL	content
477	LITERAL	UInt
478	LITERAL	given
479	LITERAL	CustomInit
480	LITERAL	strings
481	LITERAL	copy
482	LITERAL	language
483	LITERAL	order
484	LITERAL	TYPE
485	LITERAL	cannot
486	LITERAL	each
487	LITERAL	Licensed
488	LITERAL	double
489	LITERAL	errors
490	LITERAL	address
491	LITERAL	writer
492	LITERAL	specified
493	LITERAL	CannotBeNull
494	LITERAL	raw
495	LITERAL	debug
496	LITERAL	Float
497	LITERAL	find
498	LITERAL	symbol
499	LITERAL	max
500	LITERAL	accept
501	LITERAL	store
502	LITERAL	example
503	LITERAL	constant
504	LITERAL	update
505	LITERAL	doc
506	LITERAL	old
507	LITERAL	BSD
508	LITERAL	service
509	LITERAL	more
510	LITERAL	extension
511	LITERAL	issue
512	LITERAL	Get
513	LITERAL	html
514	LITERAL	Path
515	LITERAL	json
516	LITERAL	pointer
517	LITERAL	Create
518	LITERAL	its
519	LITERAL	For
520	LITERAL	parse
521	LITERAL	Option
522	LITERAL	macro
523	LITERAL	Content
524	LITERAL	headers
525	LITERAL	Corporation
526	LITERAL	cause
527	LITERAL	init
528	LITERAL	res
529	LITERAL	variable
530	LITERAL	pass
531	LITERAL	need
532	LITERAL	lib
533	LITERAL	dir
534	LITERAL	ToString
535	LITERAL	some
536	LITERAL	M
537	LITERAL	ArgumentNullException
538	LITERAL	because
539	LITERAL	Any
540	LITERAL	command
541	LITERAL	H
542	LITERAL	application
543	LITERAL	Z
544	LITERAL	point
545	LITERAL	Function
546	LITERAL	num
547	LITERAL	query
548	LITERAL	Core
549	LITERAL	integer
550	LITERAL	properties
551	LITERAL	cond
552	LITERAL	two
553	LITERAL	attribute
554	LITERAL	tags
555	LITERAL	handle
556	LITERAL	behavior
557	LITERAL	stream
558	LITERAL	super
559	LITERAL	server
560	LITERAL	cmd
561	LITERAL	attr
562	LITERAL	prefix
563	LITERAL	boolean
564	LITERAL	msg
565	LITERAL	there
566	LITERAL	action
567	LITERAL	asm
568	LITERAL	Authors
569	LITERAL	filter
570	LITERAL	app
571	LITERAL	form
572	LITERAL	Thread
573	LITERAL	bit
574	LITERAL	child
575	LITERAL	enum
576	LITERAL	objects
577	LITERAL	here
578	LITERAL	IList
579	LITERAL	world
580	LITERAL	than
581	LITERAL	names
582	LITERAL	Returns
583	LITERAL	Serialization
584	LITERAL	image
585	LITERAL	trace
586	LITERAL	It
587	LITERAL	also
588	LITERAL	rust
589	LITERAL	position
590	LITERAL	contains
591	LITERAL	select
592	LITERAL	props
593	LITERAL	To
594	LITERAL	An
595	LITERAL	abstract
596	LITERAL	up
597	LITERAL	re
598	LITERAL	endif
599	LITERAL	files
600	LITERAL	vm
601	LITERAL	ActiveRecord
602	LITERAL	document
603	LITERAL	typeof
604	LITERAL	join
605	LITERAL	allow
606	LITERAL	TODO
607	LITERAL	export
608	LITERAL	cx
609	LITERAL	without
610	LITERAL	URL
611	LITERAL	callback
612	LITERAL	custom
613	LITERAL	spec
614	LITERAL	nothing
615	LITERAL	println
616	LITERAL	valid
617	LITERAL	database
618	LITERAL	loop
619	LITERAL	min
620	LITERAL	pocketmine
621	LITERAL	Data
622	LITERAL	Generic
623	LITERAL	tree
624	LITERAL	record
625	LITERAL	binary
626	LITERAL	graph
627	LITERAL	O
628	LITERAL	begin
629	LITERAL	attributes
630	LITERAL	isolate
631	LITERAL	Boolean
632	LITERAL	calls
633	LITERAL	don
634	LITERAL	New
635	LITERAL	literal
636	LITERAL	Length
637	LITERAL	Remove
638	LITERAL	NotNull
639	LITERAL	Generator
640	LITERAL	tmp
641	LITERAL	bound
642	LITERAL	network
643	LITERAL	process
644	LITERAL	Json
645	LITERAL	util
646	LITERAL	functions
647	LITERAL	incorrect
648	LITERAL	called
649	LITERAL	template
650	LITERAL	lang
651	LITERAL	color
652	LITERAL	column
653	LITERAL	handler
654	LITERAL	memory
655	LITERAL	extern
656	LITERAL	place
657	LITERAL	model
658	LITERAL	foreach
659	LITERAL	K
660	LITERAL	whether
661	LITERAL	remove
662	LITERAL	Location
663	LITERAL	elements
664	LITERAL	closure
665	LITERAL	methods
666	LITERAL	sub
667	LITERAL	In
668	LITERAL	results
669	LITERAL	rs
670	LITERAL	part
671	LITERAL	directory
672	LITERAL	core
673	LITERAL	opts
674	LITERAL	lost
675	LITERAL	pid
676	LITERAL	Class
677	LITERAL	back
678	LITERAL	expressions
679	LITERAL	already
680	LITERAL	always
681	LITERAL	Integer
682	LITERAL	Changes
683	LITERAL	second
684	LITERAL	defer
685	LITERAL	instead
686	LITERAL	nullptr
687	LITERAL	top
688	LITERAL	regenerated
689	LITERAL	exit
690	LITERAL	emit
691	LITERAL	hello
692	LITERAL	generic
693	LITERAL	host
694	LITERAL	AutoRest
695	LITERAL	extends
696	LITERAL	pattern
697	LITERAL	annotations
698	LITERAL	julia
699	LITERAL	width
700	LITERAL	open
701	LITERAL	Write
702	LITERAL	llvm
703	LITERAL	db
704	LITERAL	access
705	LITERAL	Item
706	LITERAL	st
707	LITERAL	MAX
708	LITERAL	raise
709	LITERAL	drop
710	LITERAL	now
711	LITERAL	defp
712	LITERAL	defaults
713	LITERAL	Text
714	LITERAL	Management
715	LITERAL	children
716	LITERAL	space
717	LITERAL	TEST
718	LITERAL	done
719	LITERAL	Tuple
720	LITERAL	delete
721	LITERAL	unsigned
722	LITERAL	vector
723	LITERAL	filename
724	LITERAL	active
725	LITERAL	clone
726	LITERAL	multiple
727	LITERAL	reflect
728	LITERAL	they
729	LITERAL	insert
730	LITERAL	Output
731	LITERAL	Vector
732	LITERAL	work
733	LITERAL	items
734	LITERAL	missing
735	LITERAL	library
736	LITERAL	either
737	LITERAL	failed
738	LITERAL	task
739	LITERAL	port
740	LITERAL	setting
741	LITERAL	just
742	LITERAL	title
743	LITERAL	global
744	LITERAL	take
745	LITERAL	previous
746	LITERAL	meta
747	LITERAL	eval
748	LITERAL	shared
749	LITERAL	plugin
750	LITERAL	collect
751	LITERAL	free
752	LITERAL	been
753	LITERAL	system
754	LITERAL	script
755	LITERAL	support
756	LITERAL	put
757	LITERAL	Newtonsoft
758	LITERAL	Examples
759	LITERAL	change
760	LITERAL	original
761	LITERAL	dynamic
762	LITERAL	Tasks
763	LITERAL	Start
764	LITERAL	react
765	LITERAL	common
766	LITERAL	through
767	LITERAL	move
768	LITERAL	derive
769	LITERAL	them
770	LITERAL	limit
771	LITERAL	details
772	LITERAL	head
773	LITERAL	heap
774	LITERAL	symbols
775	LITERAL	ActiveSupport
776	LITERAL	www
777	LITERAL	show
778	LITERAL	would
779	LITERAL	Note
780	LITERAL	apply
781	LITERAL	Symbol
782	LITERAL	readonly
783	LITERAL	gl
784	LITERAL	description
785	LITERAL	Count
786	LITERAL	convert
787	LITERAL	DART
788	LITERAL	disable
789	LITERAL	specific
790	LITERAL	matches
791	LITERAL	Enum
792	LITERAL	Y
793	LITERAL	about
794	LITERAL	available
795	LITERAL	single
796	LITERAL	variables
797	LITERAL	these
798	LITERAL	sizeof
799	LITERAL	NAME
800	LITERAL	protected
801	LITERAL	flow
802	LITERAL	js
803	LITERAL	such
804	LITERAL	Component
805	LITERAL	helper
806	LITERAL	Linq
807	LITERAL	paths
808	LITERAL	optional
809	LITERAL	too
810	LITERAL	many
811	LITERAL	search
812	LITERAL	components
813	LITERAL	ignore
814	LITERAL	Version
815	LITERAL	Bool
816	LITERAL	Join
817	LITERAL	API
818	LITERAL	rest
819	LITERAL	doesn
820	LITERAL	sort
821	LITERAL	isa
822	LITERAL	author
823	LITERAL	binding
824	LITERAL	ensure
825	LITERAL	undefined
826	LITERAL	close
827	LITERAL	lt
828	LITERAL	Map
829	LITERAL	send
830	LITERAL	different
831	LITERAL	controller
832	LITERAL	Union
833	LITERAL	instructions
834	LITERAL	instruction
835	LITERAL	constructor
836	LITERAL	FragColor
837	LITERAL	configuration
838	LITERAL	dest
839	LITERAL	replace
840	LITERAL	declarations
841	LITERAL	math
842	LITERAL	clean
843	LITERAL	G
844	LITERAL	slot
845	LITERAL	split
846	LITERAL	Validate
847	LITERAL	capture
848	LITERAL	running
849	LITERAL	OS
850	LITERAL	bad
851	LITERAL	comment
852	LITERAL	being
853	LITERAL	utf
854	LITERAL	shift
855	LITERAL	page
856	LITERAL	named
857	LITERAL	both
858	LITERAL	bin
859	LITERAL	expand
860	LITERAL	exists
861	LITERAL	entity
862	LITERAL	gc
863	LITERAL	Failed
864	LITERAL	minecraft
865	LITERAL	generate
866	LITERAL	fail
867	LITERAL	member
868	LITERAL	lua
869	LITERAL	except
870	LITERAL	elem
871	LITERAL	OR
872	LITERAL	github
873	LITERAL	nullable
874	LITERAL	none
875	LITERAL	psi
876	LITERAL	your
877	LITERAL	timeout
878	LITERAL	tuple
879	LITERAL	rand
880	LITERAL	cmp
881	LITERAL	Check
882	LITERAL	alias
883	LITERAL	acc
884	LITERAL	Apache
885	LITERAL	overflow
886	LITERAL	save
887	LITERAL	created
888	LITERAL	later
889	LITERAL	Ref
890	LITERAL	environment
891	LITERAL	cases
892	LITERAL	depth
893	LITERAL	linux
894	LITERAL	escape
895	LITERAL	FLAG
896	LITERAL	pkg
897	LITERAL	encoding
898	LITERAL	program
899	LITERAL	even
900	LITERAL	until
901	LITERAL	sum
902	LITERAL	deprecated
903	LITERAL	passed
904	LITERAL	GC
905	LITERAL	IO
906	LITERAL	entries
907	LITERAL	syntax
908	LITERAL	gen
909	LITERAL	Ptr
910	LITERAL	JetBrains
911	LITERAL	iex
912	LITERAL	existing
913	LITERAL	view
914	LITERAL	unknown
915	LITERAL	native
916	LITERAL	quote
917	LITERAL	Override
918	LITERAL	once
919	LITERAL	during
920	LITERAL	UTF
921	LITERAL	needs
922	LITERAL	extra
923	LITERAL	reinterpret
924	LITERAL	TestCase
925	LITERAL	every
926	LITERAL	following
927	LITERAL	window
928	LITERAL	sure
929	LITERAL	above
930	LITERAL	reason
931	LITERAL	clear
932	LITERAL	You
933	LITERAL	Mix
934	LITERAL	utils
935	LITERAL	merge
936	LITERAL	counter
937	LITERAL	implementation
938	LITERAL	software
939	LITERAL	baz
940	LITERAL	docs
941	LITERAL	descriptors
942	LITERAL	uword
943	LITERAL	changed
944	LITERAL	lower
945	LITERAL	full
946	LITERAL	signal
947	LITERAL	git
948	LITERAL	Language
949	LITERAL	tail
950	LITERAL	strict
951	LITERAL	pop
952	LITERAL	profile
953	LITERAL	Number
954	LITERAL	generator
955	LITERAL	protocol
956	LITERAL	gt
957	LITERAL	No
958	LITERAL	enabled
959	LITERAL	ArgumentError
960	LITERAL	ext
961	LITERAL	reader
962	LITERAL	sample
963	LITERAL	Enter
964	LITERAL	console
965	LITERAL	blob
966	LITERAL	Current
967	LITERAL	aux
968	LITERAL	testset
969	LITERAL	When
970	LITERAL	minecraftforge
971	LITERAL	big
972	LITERAL	atom
973	LITERAL	simd
974	LITERAL	extend
975	LITERAL	OF
976	LITERAL	unless
977	LITERAL	stage
978	LITERAL	lines
979	LITERAL	inside
980	LITERAL	href
981	LITERAL	character
982	LITERAL	frozen
983	LITERAL	explicit
984	LITERAL	normal
985	LITERAL	annotation
986	LITERAL	short
987	LITERAL	bug
988	LITERAL	condition
989	LITERAL	height
990	LITERAL	resources
991	LITERAL	logger
992	LITERAL	en
993	LITERAL	classes
994	LITERAL	modules
995	LITERAL	via
996	LITERAL	Date
997	LITERAL	relative
998	LITERAL	md
999	LITERAL	force
1000	LITERAL	AND
1001	LITERAL	Kotlin
1002	LITERAL	fetch
1003	LITERAL	instanceof
1004	LITERAL	inspect
1005	LITERAL	special
1006	LITERAL	Return
1007	LITERAL	compare
1008	LITERAL	JVM
1009	LITERAL	stop
1010	LITERAL	OK
1011	LITERAL	loaded
1012	LITERAL	arch
1013	LITERAL	concat
1014	LITERAL	platform
1015	LITERAL	based
1016	LITERAL	note
1017	LITERAL	implements
1018	LITERAL	windows
1019	LITERAL	chunk
1020	LITERAL	exec
1021	LITERAL	RUNTIME
1022	LITERAL	warn
1023	LITERAL	deps
1024	LITERAL	contents
1025	LITERAL	abs
1026	LITERAL	dev
1027	LITERAL	cout
1028	LITERAL	SPIRV
1029	LITERAL	row
1030	LITERAL	rails
1031	LITERAL	warning
1032	LITERAL	repo
1033	LITERAL	VM
1034	LITERAL	future
1035	LITERAL	invoke
1036	LITERAL	yes
1037	LITERAL	contributors
1038	LITERAL	candidate
1039	LITERAL	my
1040	LITERAL	WITH
1041	LITERAL	At
1042	LITERAL	yield
1043	LITERAL	Position
1044	LITERAL	Rails
1045	LITERAL	exist
1046	LITERAL	another
1047	LITERAL	neg
1048	LITERAL	True
1049	LITERAL	terms
1050	LITERAL	Programming
1051	LITERAL	real
1052	LITERAL	reverse
1053	LITERAL	ns
1054	LITERAL	term
1055	LITERAL	printf
1056	LITERAL	Input
1057	LITERAL	simple
1058	LITERAL	control
1059	LITERAL	xs
1060	LITERAL	channel
1061	LITERAL	proc
1062	LITERAL	parser
1063	LITERAL	clojure
1064	LITERAL	repr
1065	LITERAL	dependencies
1066	LITERAL	vars
1067	LITERAL	release
1068	LITERAL	IsNull
1069	LITERAL	lazy
1070	LITERAL	help
1071	LITERAL	typedef
1072	LITERAL	player
1073	LITERAL	ENV
1074	LITERAL	requires
1075	LITERAL	noinline
1076	LITERAL	declare
1077	LITERAL	branch
1078	LITERAL	points
1079	LITERAL	undef
1080	LITERAL	documentation
1081	LITERAL	initial
1082	LITERAL	PATH
1083	LITERAL	abc
1084	LITERAL	usage
1085	LITERAL	quoted
1086	LITERAL	messages
1087	LITERAL	allocation
1088	LITERAL	distributed
1089	LITERAL	execute
1090	LITERAL	keyword
1091	LITERAL	goto
1092	LITERAL	display
1093	LITERAL	echo
1094	LITERAL	validation
1095	LITERAL	transformer
1096	LITERAL	Public
1097	LITERAL	Net
1098	LITERAL	Please
1099	LITERAL	our
1100	LITERAL	mutable
1101	LITERAL	Run
1102	LITERAL	azure
1103	LITERAL	VERSION
1104	LITERAL	chain
1105	LITERAL	Double
1106	LITERAL	toString
1107	LITERAL	Matrix
1108	LITERAL	packages
1109	LITERAL	sh
1110	LITERAL	writing
1111	LITERAL	small
1112	LITERAL	unchecked
1113	LITERAL	authors
1114	LITERAL	initialize
1115	LITERAL	Unit
1116	LITERAL	selected
1117	LITERAL	dead
1118	LITERAL	sampler
1119	LITERAL	Utils
1120	LITERAL	down
1121	LITERAL	identity
1122	LITERAL	DEBUG
1123	LITERAL	Update
1124	LITERAL	elseif
1125	LITERAL	argv
1126	LITERAL	fill
1127	LITERAL	ps
1128	LITERAL	button
1129	LITERAL	models
1130	LITERAL	setup
1131	LITERAL	cd
1132	LITERAL	stderr
1133	LITERAL	something
1134	LITERAL	stdout
1135	LITERAL	random
1136	LITERAL	history
1137	LITERAL	remote
1138	LITERAL	cursor
1139	LITERAL	enable
1140	LITERAL	indices
1141	LITERAL	upper
1142	LITERAL	removed
1143	LITERAL	fragment
1144	LITERAL	modify
1145	LITERAL	mov
1146	LITERAL	matching
1147	LITERAL	Smi
1148	LITERAL	constants
1149	LITERAL	unix
1150	LITERAL	Example
1151	LITERAL	le
1152	LITERAL	mix
1153	LITERAL	Fragment
1154	LITERAL	Module
1155	LITERAL	RUN
1156	LITERAL	defn
1157	LITERAL	Print
1158	LITERAL	ccall
1159	LITERAL	bx
1160	LITERAL	nodoc
1161	LITERAL	AS
1162	LITERAL	describe
1163	LITERAL	reflection
1164	LITERAL	sdk
1165	LITERAL	dump
1166	LITERAL	Eq
1167	LITERAL	gcc
1168	LITERAL	TARGET
1169	LITERAL	tokens
1170	LITERAL	manager
1171	LITERAL	Make
1172	LITERAL	equals
1173	LITERAL	segment
1174	LITERAL	forEach
1175	LITERAL	dependency
1176	LITERAL	hook
1177	LITERAL	standard
1178	LITERAL	bind
1179	LITERAL	sequence
1180	LITERAL	Zone
1181	LITERAL	similar
1182	LITERAL	ANY
1183	LITERAL	AX
1184	LITERAL	intellij
1185	LITERAL	brief
1186	LITERAL	Process
1187	LITERAL	loading
1188	LITERAL	Julia
1189	LITERAL	microsoft
1190	LITERAL	walk
1191	LITERAL	inferred
1192	LITERAL	usr
1193	LITERAL	express
1194	LITERAL	tools
1195	LITERAL	prompt
1196	LITERAL	reduce
1197	LITERAL	mk
1198	LITERAL	li
1199	LITERAL	Mode
1200	LITERAL	wrap
1201	LITERAL	sources
1202	LITERAL	forward
1203	LITERAL	Software
1204	LITERAL	shell
1205	LITERAL	GNU
1206	LITERAL	three
1207	LITERAL	google
1208	LITERAL	chars
1209	LITERAL	sorted
1210	LITERAL	suggestion
1211	LITERAL	seq
1212	LITERAL	renderer
1213	LITERAL	dims
1214	LITERAL	Nothing
1215	LITERAL	install
1216	LITERAL	forms
1217	LITERAL	trailing
1218	LITERAL	etc
1219	LITERAL	lambda
1220	LITERAL	iterate
1221	LITERAL	HOST
1222	LITERAL	raises
1223	LITERAL	isEmpty
1224	LITERAL	Nullable
1225	LITERAL	Application
1226	LITERAL	dup
1227	LITERAL	permissions
1228	LITERAL	dd
1229	LITERAL	commands
1230	LITERAL	Complex
1231	LITERAL	defmodule
1232	LITERAL	Inc
1233	LITERAL	again
1234	LITERAL	callbacks
1235	LITERAL	received
1236	LITERAL	compiled
1237	LITERAL	versions
1238	LITERAL	Cross
1239	LITERAL	plain
1240	LITERAL	deref
1241	LITERAL	exports
1242	LITERAL	Issue
1243	LITERAL	Free
1244	LITERAL	mat
1245	LITERAL	apache
1246	LITERAL	published
1247	LITERAL	Foundation
1248	LITERAL	CC
1249	LITERAL	ca
1250	LITERAL	Long
1251	LITERAL	Compiler
1252	LITERAL	tasks
1253	LITERAL	General
1254	LITERAL	warnings
1255	LITERAL	pretty
1256	LITERAL	Forge
1257	LITERAL	clause
1258	LITERAL	applicable
1259	LITERAL	digit
1260	LITERAL	php
1261	LITERAL	web
1262	LITERAL	Cvoid
1263	LITERAL	links
1264	LITERAL	BX
1265	LITERAL	fi
1266	LITERAL	CX
1267	LITERAL	finally
1268	LITERAL	DIR
1269	LITERAL	FROM
1270	LITERAL	lists
1271	LITERAL	LABEL
1272	LITERAL	construct
1273	LITERAL	ffi
1274	LITERAL	KIND
1275	LITERAL	conversion
1276	LITERAL	implied
1277	LITERAL	zeros
1278	LITERAL	UNREACHABLE
1279	LITERAL	Dict
1280	LITERAL	Host
1281	LITERAL	eltype
1282	LITERAL	PARAMETER
1283	LITERAL	Empty
1284	LITERAL	accessor
1285	LITERAL	ne
1286	LITERAL	Project
1287	LITERAL	WITHOUT
1288	LITERAL	Lesser
1289	LITERAL	MODULE
1290	LITERAL	Writer
1291	LITERAL	isequal
1292	LITERAL	INFO
1293	LITERAL	pairs
1294	LITERAL	flush
1295	LITERAL	ARCH
1296	LITERAL	multi
1297	LITERAL	dec
1298	LITERAL	stdlib
1299	LITERAL	assoc
1300	LITERAL	regular
1301	LITERAL	nth
1302	LITERAL	EMPTY
1303	LITERAL	runs
1304	LITERAL	duplicate
1305	LITERAL	AbstractString
1306	LITERAL	ArrayList
1307	LITERAL	nyxt
1308	LITERAL	AUTHORS
1309	LITERAL	absolute
1310	LITERAL	metal
1311	LITERAL	ifdef
1312	LITERAL	browser
1313	LITERAL	xyz
1314	LITERAL	COPY
1315	LITERAL	coroutines
1316	LITERAL	scheme
1317	LITERAL	unquote
1318	LITERAL	exe
1319	LITERAL	licenses
1320	LITERAL	mt
1321	LITERAL	selection
1322	LITERAL	css
1323	LITERAL	WARRANTIES
1324	LITERAL	proxy
1325	LITERAL	receive
1326	LITERAL	strip
1327	LITERAL	By
1328	LITERAL	cli
1329	LITERAL	obtain
1330	LITERAL	uniform
1331	LITERAL	typemax
1332	LITERAL	licensed
1333	LITERAL	affiliates
1334	LITERAL	Keyword
1335	LITERAL	cp
1336	LITERAL	primitive
1337	LITERAL	restore
1338	LITERAL	manifest
1339	LITERAL	respond
1340	LITERAL	useful
1341	LITERAL	False
1342	LITERAL	AbstractArray
1343	LITERAL	dict
1344	LITERAL	redistribute
1345	LITERAL	folder
1346	LITERAL	started
1347	LITERAL	bindings
1348	LITERAL	Identifier
1349	LITERAL	interfaces
1350	LITERAL	DS
1351	LITERAL	malloc
1352	LITERAL	sqrt
1353	LITERAL	Main
1354	LITERAL	isempty
1355	LITERAL	maps
1356	LITERAL	Real
1357	LITERAL	configurations
1358	LITERAL	ExUnit
1359	LITERAL	PocketMine
1360	LITERAL	elixir
1361	LITERAL	repeat
1362	LITERAL	SPDX
1363	LITERAL	scripts
1364	LITERAL	es
1365	LITERAL	Team
1366	LITERAL	limitations
1367	LITERAL	Unless
1368	LITERAL	hooks
1369	LITERAL	keymap
1370	LITERAL	cl
1371	LITERAL	aliases
1372	LITERAL	latest
1373	LITERAL	dist
1374	LITERAL	compliance
1375	LITERAL	actions
1376	LITERAL	ifndef
1377	LITERAL	ASCII
1378	LITERAL	RUSTC
1379	LITERAL	sin
1380	LITERAL	logging
1381	LITERAL	vertex
1382	LITERAL	nospecialize
1383	LITERAL	Out
1384	LITERAL	projects
1385	LITERAL	inbounds
1386	LITERAL	TMPDIR
1387	LITERAL	rescue
1388	LITERAL	arity
1389	LITERAL	evaluate
1390	LITERAL	creates
1391	LITERAL	jldoctest
1392	LITERAL	endl
1393	LITERAL	law
1394	LITERAL	Minecraft
1395	LITERAL	governing
1396	LITERAL	agreed
1397	LITERAL	CONDITIONS
1398	LITERAL	refute
1399	LITERAL	BASIS
1400	LITERAL	LLC
1401	LITERAL	executable
1402	LITERAL	Kernel
1403	LITERAL	Player
1404	LITERAL	USER
1405	LITERAL	download
1406	LITERAL	newline
1407	LITERAL	DISALLOW
1408	LITERAL	promote
1409	LITERAL	building
1410	LITERAL	suggestions
1411	LITERAL	exs
1412	LITERAL	elif
1413	LITERAL	dl
1414	LITERAL	Char
1415	LITERAL	PRODUCT
1416	LITERAL	vals
1417	LITERAL	Display
1418	LITERAL	Cint
1419	LITERAL	Elixir
1420	LITERAL	Build
1421	LITERAL	cat
1422	LITERAL	Macro
1423	LITERAL	inc
1424	LITERAL	attempt
1425	LITERAL	getName
1426	LITERAL	slots
1427	LITERAL	prompter
1428	LITERAL	erlang
1429	LITERAL	Vararg
1430	LITERAL	Case
1431	LITERAL	puts
1432	LITERAL	Sys
1433	LITERAL	di
1434	LITERAL	thrown
1435	LITERAL	theme
1436	LITERAL	apps
1437	LITERAL	si
1438	LITERAL	mkdir
1439	LITERAL	resume
1440	LITERAL	rf
1441	LITERAL	radix
1442	LITERAL	AbstractVector
1443	LITERAL	dx
1444	LITERAL	coll
1445	LITERAL	julialang
1446	LITERAL	background
1447	LITERAL	sleep
1448	LITERAL	docker
1449	LITERAL	fml
1450	LITERAL	distribution
1451	LITERAL	gnu
1452	LITERAL	UBO
1453	LITERAL	repository
1454	LITERAL	COMPILER
1455	LITERAL	Split
1456	LITERAL	Warning
1457	LITERAL	Generate
1458	LITERAL	trap
1459	LITERAL	rlib
1460	LITERAL	modes
1461	LITERAL	notice
1462	LITERAL	locn
1463	LITERAL	vararg
1464	LITERAL	pack
1465	LITERAL	Invoke
1466	LITERAL	exclude
1467	LITERAL	ErrorException
1468	LITERAL	deep
1469	LITERAL	prog
1470	LITERAL	follow
1471	LITERAL	tar
1472	LITERAL	stdio
1473	LITERAL	refer
1474	LITERAL	home
1475	LITERAL	joinpath
1476	LITERAL	SV
1477	LITERAL	mods
1478	LITERAL	plugins
1479	LITERAL	isdefined
1480	LITERAL	listOf
1481	LITERAL	infinity
1482	LITERAL	pr
1483	LITERAL	Development
1484	LITERAL	eof
1485	LITERAL	compat
1486	LITERAL	levels
1487	LITERAL	buffers
1488	LITERAL	getindex
1489	LITERAL	dirname
1490	LITERAL	getfield
1491	LITERAL	NUMBER
1492	LITERAL	LGPL
1493	LITERAL	Parameter
1494	LITERAL	BoundsError
1495	LITERAL	sysroot
1496	LITERAL	cwd
1497	LITERAL	occursin
1498	LITERAL	setf
1499	LITERAL	win
1500	LITERAL	defun
1501	LITERAL	cons
1502	LITERAL	jar
1503	LITERAL	deftest
1504	LITERAL	apt
1505	LITERAL	closing
1506	LITERAL	defmacro
1507	LITERAL	defmethod
1508	LITERAL	IOBuffer
1509	LITERAL	javascript
1510	LITERAL	restart
1511	LITERAL	unpack
1512	LITERAL	co
1513	LITERAL	mc
1514	LITERAL	CMD
1515	LITERAL	teardown
1516	LITERAL	Author
1517	LITERAL	sprint
1518	LITERAL	comp
1519	LITERAL	libs
1520	LITERAL	lim
1521	LITERAL	prove
1522	LITERAL	mcpe
1523	LITERAL	kwargs
1524	LITERAL	places
1525	LITERAL	rid
1526	LITERAL	mm
1527	LITERAL	py
1528	LITERAL	IllegalArgumentException1
1529	LITERAL	esc
1530	LITERAL	jmp
1531	LITERAL	vi
1532	LITERAL	rep
1533	LITERAL	mappings
1534	LITERAL	Raw
1535	LITERAL	covered
1536	LITERAL	applications
1537	LITERAL	MethodError
1538	LITERAL	Does
1539	LITERAL	OPTIONS
1540	LITERAL	conj
1541	LITERAL	LinkedHashMap
1542	LITERAL	ax
1543	LITERAL	phpstan
1544	LITERAL	purge
1545	LITERAL	bash
1546	LITERAL	artifacts
1547	LITERAL	Java
1548	LITERAL	startswith
1549	LITERAL	python
1550	LITERAL	certificates
1551	LITERAL	ARGS
1552	LITERAL	MM
1553	LITERAL	focus
1554	LITERAL	hide
1555	LITERAL	Usage
1556	LITERAL	MinecraftForge
1557	LITERAL	XX
1558	LITERAL	builds
1559	LITERAL	charlist
1560	LITERAL	recur
1561	LITERAL	toml
1562	LITERAL	Loader
1563	LITERAL	checkout
1564	LITERAL	iszero
1565	LITERAL	toolchain
1566	LITERAL	toggle
1567	LITERAL	SuppressWarnings
1568	LITERAL	PIPE
1569	LITERAL	shl
1570	LITERAL	NTuple
1571	LITERAL	pause
1572	LITERAL	junit
1573	LITERAL	ASM
1574	LITERAL	protocols
1575	LITERAL	setindex
1576	LITERAL	divide
1577	LITERAL	basename
1578	LITERAL	cognitiveservices
1579	LITERAL	HOME
1580	LITERAL	Implementation
1581	LITERAL	getWorld
1582	LITERAL	al
1583	LITERAL	BUFFER
1584	LITERAL	idl
1585	LITERAL	Directory
1586	LITERAL	gradle
1587	LITERAL	quotes
1588	LITERAL	procedure
1589	LITERAL	Throwable
1590	LITERAL	curl
1591	LITERAL	beam
1592	LITERAL	BUILD
1593	LITERAL	erl
1594	LITERAL	coroutine
1595	LITERAL	ds
1596	LITERAL	xxx
1597	LITERAL	pathname
1598	LITERAL	SDK
1599	LITERAL	ClipDistance
1600	LITERAL	subprocess
1601	LITERAL	forge
1602	LITERAL	nul
1603	LITERAL	grep
1604	LITERAL	BIN
1605	LITERAL	commons
1606	LITERAL	quri
1607	LITERAL	Title
1608	LITERAL	Erlang
1609	LITERAL	dp
1610	LITERAL	screen
1611	LITERAL	Character
1612	LITERAL	del
1613	LITERAL	letters
1614	LITERAL	uiop
1615	LITERAL	huge
1616	LITERAL	MAKE
1617	LITERAL	band
1618	LITERAL	Force
1619	LITERAL	RUST
1620	LITERAL	AL
1621	LITERAL	classpath
1622	LITERAL	plane
1623	LITERAL	moduledoc
1624	LITERAL	publish
1625	LITERAL	pwd
1626	LITERAL	fashion
1627	LITERAL	dependsOn
1628	LITERAL	lisp
1629	LITERAL	gsub
1630	LITERAL	pprint
1631	LITERAL	SCRIPT
1632	LITERAL	lst
1633	LITERAL	downcase
1634	LITERAL	abspath
1635	LITERAL	bat
1636	LITERAL	ifeq
1637	LITERAL	Resolve
1638	LITERAL	star
1639	LITERAL	InvalidArgumentException1
1640	LITERAL	bl
1641	LITERAL	eclipse
1642	LITERAL	endswith
1643	LITERAL	KOTLIN
1644	LITERAL	protect
1645	LITERAL	Reserved
1646	LITERAL	opensource
1647	LITERAL	startsWith
1648	LITERAL	Eclipse
1649	LITERAL	epl
1650	LITERAL	aVertex
1651	LITERAL	Mandatory
1652	LITERAL	namespaces
1653	LITERAL	nfiles
1654	LITERAL	OptionParser
1655	LITERAL	Rich
1656	LITERAL	Lua
1657	LITERAL	Where
1658	LITERAL	Hickey
1659	LITERAL	CHANNEL
1660	LITERAL	agreeing
1661	LITERAL	isfile
1662	LITERAL	MC
1663	LITERAL	alex
1664	LITERAL	vNormal
1665	LITERAL	collectgarbage
1666	LITERAL	vert
1667	LITERAL	mapcar
1668	LITERAL	jess
1669	LITERAL	Atlas
1670	LITERAL	Git
1671	LITERAL	Clause
1672	LITERAL	quit
1673	LITERAL	dotnet
1674	LITERAL	ro
1675	LITERAL	archives
1676	LITERAL	ah
1677	LITERAL	Engineer
1678	LITERAL	FileCopyrightText
1679	LITERAL	GIT
1680	LITERAL	Branch
1681	LITERAL	Verbose
1682	LITERAL	INF
1683	LITERAL	environ
1684	LITERAL	pcall
1685	LITERAL	chown
1686	LITERAL	LIBRARY
1687	LITERAL	bh
1688	LITERAL	setmetatable
1689	LITERAL	Commit
1690	LITERAL	testC
1691	LITERAL	META
1692	LITERAL	getProperty
1693	LITERAL	aNormal
1694	LITERAL	recommends
1695	LITERAL	Notice
1696	LITERAL	sera
1697	LITERAL	alo
1698	LITERAL	gethash
1699	LITERAL	sed
1700	LITERAL	naming
1701	LITERAL	ENTRYPOINT
1702	LITERAL	tonumber
1703	LITERAL	repositories
1704	LITERAL	CGREP
1705	LITERAL	Timestamp
1706	LITERAL	apk
1707	LITERAL	maintainer
1708	LITERAL	debian
1709	LITERAL	tostring
1710	LITERAL	compileOnly
1711	LITERAL	ubuntu
1712	LITERAL	Jessie
1713	LITERAL	Frazelle
1714	LITERAL	patches
1715	LITERAL	Nyxt
1716	LITERAL	communicate
1717	LITERAL	PSScriptRoot
1718	LITERAL	alpine
1719	LITERAL	CONFIGURE
1720	LITERAL	sccache
1721	LITERAL	spinneret
1722	LITERAL	REM
1723	LITERAL	DISPLAY
1724	LITERAL	getenv
1725	LITERAL	slim
1726	LITERAL	sourceSets
1727	LITERAL	xz
1728	LITERAL	backslash
1729	LITERAL	getf
1730	LITERAL	typep
1731	LITERAL	dw
1732	LITERAL	initform
1733	LITERAL	AutoRestVersion
1734	LITERAL	checkerror
1735	LITERAL	localtime
1736	LITERAL	keyboard
1737	LITERAL	progn
1738	LITERAL	funcall
1739	LITERAL	isinstance
1740	LITERAL	WORKDIR
1741	LITERAL	clj
1742	LITERAL	maven
1743	LITERAL	getinfo
1744	LITERAL	Jar
1745	LITERAL	delims
1746	LITERAL	IDL
1747	LITERAL	doseq
1748	LITERAL	rootProject
1749	LITERAL	MAPPING
1750	LITERAL	yyyy
1751	LITERAL	je
1752	LITERAL	surrounding
1753	LITERAL	dolist
1754	LITERAL	Specification
1755	LITERAL	deftype
1756	LITERAL	dh
1757	LITERAL	ifneq
1758	LITERAL	ResourceProvider
1759	LITERAL	ninja
1760	LITERAL	Vendor
1761	LITERAL	sudo
1762	LITERAL	emacs
1763	LITERAL	cpw
1764	LITERAL	xuxu
1765	LITERAL	endp
1766	LITERAL	userdata
1767	LITERAL	HH
1768	LITERAL	AutoRestCodeGeneration
1769	LITERAL	Rights
1770	LITERAL	SLASH
1771	LITERAL	getmetatable
1772	LITERAL	eng
1773	LITERAL	Lisp
1774	LITERAL	FMLLoader
1775	LITERAL	RETURNED
1776	LITERAL	shutil
1777	LITERAL	Chromium
1778	LITERAL	DOS
1779	LITERAL	fulldeps
1780	LITERAL	sethook
1781	LITERAL	STATICLIB
1782	LITERAL	FML
1783	LITERAL	initarg
1784	LITERAL	flet
1785	LITERAL	ConvertFrom
1786	LITERAL	defclass
1787	LITERAL	returncode
1788	LITERAL	Popen
1789	LITERAL	crlf
1790	LITERAL	pipefail
1791	LITERAL	patcher
1792	LITERAL	publishing
1793	LITERAL	wget
1794	LITERAL	emptyp
1795	LITERAL	setlocal
1796	LITERAL	withType
1797	LITERAL	ChildItem
1798	LITERAL	CmdletBinding
1799	LITERAL	optparse
1800	LITERAL	argparse
1801	LITERAL	nicknames
1802	LITERAL	bullseye
1803	LITERAL	rememberable
1804	LITERAL	sSL
1805	LITERAL	Ah
1806	LITERAL	esac
1807	LITERAL	SYNOPSIS
1808	LITERAL	ConvertTo
1809	LITERAL	official
1810	LITERAL	libssl
1811	LITERAL	electronwill
1812	LITERAL	workingDirectory
1813	LITERAL	packsize
1814	LITERAL	IFS
1815	LITERAL	ipairs
1816	LITERAL	newuserdata
1817	LITERAL	GuessOS
1818	LITERAL	totalmem
1819	LITERAL	FORGE
1820	LITERAL	kotlinc
1821	LITERAL	projectDir
1822	LITERAL	fmlonly
1823	LITERAL	testes
1824	LITERAL	sourcesJar
1825	LITERAL	doFirst
1826	LITERAL	euo
1827	LITERAL	mcp
1828	LITERAL	ow
1829	LITERAL	publications
1830	LITERAL	errorlevel
1831	LITERAL	jline
1832	LITERAL	ben
1833	LITERAL	dps
1834	LITERAL	symlinked
1835	LITERAL	JavaCompile
1836	LITERAL	extrn
1837	LITERAL	Crlf
1838	LITERAL	fmlcore
1839	LITERAL	endlocal
1840	LITERAL	MavenPublication
1841	LITERAL	getByName
1842	LITERAL	Writestring
1843	LITERAL	jne
1844	LITERAL	Writeint
1845	LITERAL	Mojang
1846	LITERAL	SystemRoot
1847	LITERAL	GOBUILDFAIL
1848	LITERAL	compilerArgs
1849	LITERAL	archiveClassifier
1850	LITERAL	Dh
1851	LITERAL	fmlloader
1852	LITERAL	javafmllanguage
1853	LITERAL	Fh
1854	LITERAL	mclanguage
1855	LITERAL	writeint
1856	LITERAL	buildscript
1857	LITERAL	MANIFESTS
1858	LITERAL	allSource
1859	LITERAL	securejarhandler
1860	LITERAL	clrscr
1861	LITERAL	gameTestServer
1862	LITERAL	mavenCentral
1863	LITERAL	moduleplugin
1864	LITERAL	javamodularity
1865	LITERAL	pusha
1866	LITERAL	popa
1867	LITERAL	mavenJava
1868	LITERAL	usebackq
1869	LITERAL	ClrScr
1870	LITERAL	userdev
1871	LITERAL	bootstraplauncher
1872	LITERAL	ssZ
1873	LITERAL	Xlint
1874	LITERAL	abbreviatedId
1875	LITERAL	manes
1876	LITERAL	BOOTSTRAPLAUNCHER
1877	LITERAL	isNonStable
1878	LITERAL	rejectVersionIf
1879	LITERAL	SECUREJARHANDLER
1880	LITERAL	jacoco
1881	LITERAL	dependencyUpdates
1882	LITERAL	ForgeGradle
